Artefact,Third Age iron,Samite silk,White oak,Goldrune,Orthenglass,Vellum,Leather scraps,Soapstone,Animal furs,Fossilised bone,Zarosian insignia,Imperial steel,Ancient vis,Tyrian purple,Blood of Orcus,Cadmium red,Chaotic brimstone,Demonhide,Eye of Dagon,Hellfire metal,Keramos,White marble,Cobalt blue,Everlight silvthril,Star of Saradomin,Stormguard steel,Wings of War,Armadylean yellow,Aetherium alloy,Quintessence,Malachite green,Mark of the Kyzaj,Vulcanised rubber,Warforged bronze,Yu'biusk clay,Compass rose,Felt,Dragon metal,Carbon black,Orgone,Extra Material,Quantity
Venator dagger,16,0,0,0,0,0,0,0,0,0,12,0,0,0,0,0,0,0,0,0,0,0,0,0,0,0,0,0,0,0,0,0,0,0,0,0,0,0,0,0,None,0
Venator light crossbow,12,0,0,0,0,0,0,0,0,0,16,0,0,0,0,0,0,0,0,0,0,0,0,0,0,0,0,0,0,0,0,0,0,0,0,0,0,0,0,0,None,0
Centurion's seal,6,0,0,0,0,0,0,0,0,0,2,0,0,0,0,0,0,0,0,0,0,0,0,0,0,0,0,0,0,0,0,0,0,0,0,0,0,0,0,0,None,0
Primis Elementis standard,12,16,0,0,0,0,0,0,0,0,0,0,0,0,0,0,0,0,0,0,0,0,0,0,0,0,0,0,0,0,0,0,0,0,0,0,0,0,0,0,None,0
Legionary gladius,10,0,0,0,0,0,0,0,0,0,6,12,0,0,0,0,0,0,0,0,0,0,0,0,0,0,0,0,0,0,0,0,0,0,0,0,0,0,0,0,None,0
Legionary square shield,8,0,0,0,0,0,0,0,0,0,8,12,0,0,0,0,0,0,0,0,0,0,0,0,0,0,0,0,0,0,0,0,0,0,0,0,0,0,0,0,None,0
Zaros effigy,0,8,10,0,0,0,0,0,0,0,12,0,0,0,0,0,0,0,0,0,0,0,0,0,0,0,0,0,0,0,0,0,0,0,0,0,0,0,0,0,None,0
Zarosian training dummy,16,0,14,0,0,0,0,0,0,0,0,0,0,0,0,0,0,0,0,0,0,0,0,0,0,0,0,0,0,0,0,0,0,0,0,0,0,0,0,0,None,0
Hookah pipe,10,0,0,12,8,0,0,0,0,0,0,0,0,0,0,0,0,0,0,0,0,0,0,0,0,0,0,0,0,0,0,0,0,0,0,0,0,0,0,0,None,0
Opulent wine goblet,14,0,0,16,0,0,0,0,0,0,0,0,0,0,0,0,0,0,0,0,0,0,0,0,0,0,0,0,0,0,0,0,0,0,0,0,0,0,0,0,None,0
Crest of Dagon,0,0,0,14,18,0,0,0,0,0,0,0,0,0,0,0,0,0,0,0,0,0,0,0,0,0,0,0,0,0,0,0,0,0,0,0,0,0,0,0,None,0
'Disorder' painting,0,6,6,0,0,6,0,0,0,0,0,0,0,0,0,14,0,0,0,0,0,0,0,0,0,0,0,0,0,0,0,0,0,0,0,0,0,0,0,0,None,0
Legatus Maximus figurine,0,0,0,8,0,0,0,0,0,0,14,0,10,0,0,0,0,0,0,0,0,0,0,0,0,0,0,0,0,0,0,0,0,0,0,0,0,0,0,0,None,0
'Solem in Umbra' painting,0,8,10,0,0,0,0,0,0,0,0,0,0,14,0,0,0,0,0,0,0,0,0,0,0,0,0,0,0,0,0,0,0,0,0,0,0,0,0,0,None,0
Imp mask,0,0,0,0,0,0,10,0,0,0,0,0,0,0,0,0,10,12,0,0,0,0,0,0,0,0,0,0,0,0,0,0,0,0,0,0,0,0,0,0,None,0
Lesser demon mask,0,0,0,0,0,0,6,0,0,0,0,0,0,0,0,6,8,12,0,0,0,0,0,0,0,0,0,0,0,0,0,0,0,0,0,0,0,0,0,0,None,0
Greater demon mask,6,0,0,0,0,0,6,0,0,0,0,0,0,0,0,0,8,12,0,0,0,0,0,0,0,0,0,0,0,0,0,0,0,0,0,0,0,0,0,0,None,0
Order of Dis robes,0,16,0,0,0,0,0,0,0,0,0,0,0,0,0,10,0,0,14,0,0,0,0,0,0,0,0,0,0,0,0,0,0,0,0,0,0,0,0,0,None,0
Ritual dagger,0,0,0,16,0,0,0,0,0,0,0,0,0,0,0,0,0,0,0,24,0,0,0,0,0,0,0,0,0,0,0,0,0,0,0,0,0,0,0,0,Ruby,0
'Frying pan',20,0,0,0,0,0,0,0,0,0,0,0,0,0,0,0,0,0,0,0,0,24,0,0,0,0,0,0,0,0,0,0,0,0,0,0,0,0,0,0,None,0
Hallowed lantern,20,0,0,0,0,0,0,0,0,0,0,0,0,0,0,0,0,0,0,0,24,0,0,0,0,0,0,0,0,0,0,0,0,0,0,0,0,0,0,0,White candle,1
Branding iron,14,0,0,0,0,0,0,0,0,0,0,0,0,0,0,0,0,0,12,20,0,0,0,0,0,0,0,0,0,0,0,0,0,0,0,0,0,0,0,0,None,0
Manacles,14,0,0,0,0,0,0,0,0,0,0,0,0,0,0,0,18,0,14,0,0,0,0,0,0,0,0,0,0,0,0,0,0,0,0,0,0,0,0,0,None,0
Ancient timepiece,0,0,0,12,0,0,0,0,0,0,0,16,16,0,0,0,0,0,0,0,0,0,0,0,0,0,0,0,0,0,0,0,0,0,0,0,0,0,0,0,None,0
Legatus pendant,16,0,0,18,0,0,0,0,0,0,0,0,12,0,0,0,0,0,0,0,0,0,0,0,0,0,0,0,0,0,0,0,0,0,0,0,0,0,0,0,Dragonstone,1
Ceremonial unicorn ornament,0,0,0,0,0,0,0,0,0,0,0,0,0,0,0,0,0,0,0,0,26,0,20,0,0,0,0,0,0,0,0,0,0,0,0,0,0,0,0,0,None,0
Ceremonial unicorn saddle,0,0,0,0,0,0,24,0,0,0,0,0,0,0,0,0,0,0,0,0,0,0,22,0,0,0,0,0,0,0,0,0,0,0,0,0,0,0,0,0,None,0
Tetracompass (unpowered),0,0,0,0,0,0,0,0,0,0,0,0,0,0,0,0,0,0,0,0,0,0,0,0,0,0,0,0,0,0,0,0,0,0,0,0,0,0,0,0,None,0
Everlight harp,0,0,22,0,0,0,0,0,0,0,0,0,0,0,0,0,0,0,0,0,0,0,0,30,0,0,0,0,0,0,0,0,0,0,0,0,0,0,0,0,None,0
Everlight trumpet,0,0,0,24,0,0,0,0,0,0,0,0,0,0,0,0,0,0,0,0,0,0,0,28,0,0,0,0,0,0,0,0,0,0,0,0,0,0,0,0,None,0
Everlight violin,0,16,20,0,0,0,0,0,0,0,0,0,0,0,0,0,0,0,0,0,0,0,0,0,16,0,0,0,0,0,0,0,0,0,0,0,0,0,0,0,None,0
Folded-arm figurine (female),0,0,0,24,0,0,0,0,0,0,0,0,0,0,0,0,0,0,0,0,0,30,0,0,0,0,0,0,0,0,0,0,0,0,0,0,0,0,0,0,None,0
Folded-arm figurine (male),0,0,0,24,0,0,0,0,0,0,0,0,0,0,0,0,0,0,0,0,0,30,0,0,0,0,0,0,0,0,0,0,0,0,0,0,0,0,0,0,None,0
'Incite Fear' spell scroll,0,0,0,0,0,20,0,0,0,0,0,0,18,0,18,0,0,0,0,0,0,0,0,0,0,0,0,0,0,0,0,0,0,0,0,0,0,0,0,0,None,0
Pontifex signet ring,16,0,0,18,0,0,0,0,0,0,0,0,22,0,0,0,0,0,0,0,0,0,0,0,0,0,0,0,0,0,0,0,0,0,0,0,0,0,0,0,Dragonstone,1
Apex cap,0,28,0,0,0,0,12,0,0,0,0,0,20,0,0,0,0,0,0,0,0,0,0,0,0,0,0,0,0,0,0,0,0,0,0,0,0,0,0,0,None,0
Curse tablet,0,0,0,0,0,0,0,20,0,0,12,16,0,0,12,0,0,0,0,0,0,0,0,0,0,0,0,0,0,0,0,0,0,0,0,0,0,0,0,0,None,0
Funerary urn of shadow,0,0,0,0,0,0,0,26,0,0,0,0,20,14,0,0,0,0,0,0,0,0,0,0,0,0,0,0,0,0,0,0,0,0,0,0,0,0,0,0,None,0
Dominion discus,0,0,0,0,0,0,0,0,0,0,0,0,0,0,0,0,0,0,0,0,34,0,0,0,28,0,0,0,0,0,0,0,0,0,0,0,0,0,0,0,None,0
Dominion javelin,30,0,0,0,0,0,0,0,0,0,0,0,0,0,0,0,0,0,0,0,32,0,0,0,0,0,0,0,0,0,0,0,0,0,0,0,0,0,0,0,None,0
Dominion pelte shield,0,28,0,0,0,0,0,0,0,0,0,0,0,0,0,0,0,0,0,0,0,0,0,0,34,0,0,0,0,0,0,0,0,0,0,0,0,0,0,0,None,0
Infula robes,0,26,0,12,0,0,12,0,0,0,0,0,0,12,0,0,0,0,0,0,0,0,0,0,0,0,0,0,0,0,0,0,0,0,0,0,0,0,0,0,None,0
Funerary urn of smoke,0,0,0,0,0,0,0,28,0,0,0,0,20,14,0,0,0,0,0,0,0,0,0,0,0,0,0,0,0,0,0,0,0,0,0,0,0,0,0,0,None,0
Hand of the Ancients,0,0,18,18,0,0,0,0,0,0,0,0,14,0,12,0,0,0,0,0,0,0,0,0,0,0,0,0,0,0,0,0,0,0,0,0,0,0,0,0,None,0
Decorative amphora,0,0,0,0,0,0,0,28,0,0,0,0,18,16,0,0,0,0,0,0,0,0,0,0,0,0,0,0,0,0,0,0,0,0,0,0,0,0,0,0,None,0
Funerary urn of ice,0,0,0,0,0,0,0,28,0,0,0,0,20,14,0,0,0,0,0,0,0,0,0,0,0,0,0,0,0,0,0,0,0,0,0,0,0,0,0,0,None,0
Loarnab rod,0,0,28,0,0,0,0,0,0,0,0,18,0,0,16,0,0,0,0,0,0,0,0,0,0,0,0,0,0,0,0,0,0,0,0,0,0,0,0,0,None,0
Inquisitor's ceremonial armour,0,30,0,0,0,0,14,0,0,0,0,0,0,18,0,0,0,0,0,0,0,0,0,0,0,0,0,0,0,0,0,0,0,0,0,0,0,0,0,0,None,0
Inquisitor's ceremonial mask,0,22,0,0,0,0,12,0,0,0,0,0,14,0,14,0,0,0,0,0,0,0,0,0,0,0,0,0,0,0,0,0,0,0,0,0,0,0,0,0,None,0
Inquisitor's seal,0,0,0,14,0,0,0,0,0,0,20,0,14,14,0,0,0,0,0,0,0,0,0,0,0,0,0,0,0,0,0,0,0,0,0,0,0,0,0,0,None,0
'The Lake of Fire' painting,0,10,10,0,0,10,0,0,0,0,0,0,0,0,0,34,0,0,0,0,0,0,0,0,0,0,0,0,0,0,0,0,0,0,0,0,0,0,0,0,None,0
'Lust' metal sculpture,16,0,0,24,0,0,0,0,0,0,0,0,0,0,0,0,0,0,24,0,0,0,0,0,0,0,0,0,0,0,0,0,0,0,0,0,0,0,0,0,Ruby,0
Gladiator helmet,0,0,0,0,0,0,18,0,0,0,0,30,0,0,16,0,0,0,0,0,0,0,0,0,0,0,0,0,0,0,0,0,0,0,0,0,0,0,0,0,None,0
Gladiator sword,0,0,0,18,0,0,0,0,0,0,16,30,0,0,0,0,0,0,0,0,0,0,0,0,0,0,0,0,0,0,0,0,0,0,0,0,0,0,0,0,None,0
Funerary urn of blood,0,0,0,0,0,0,0,30,0,0,0,0,0,14,20,0,0,0,0,0,0,0,0,0,0,0,0,0,0,0,0,0,0,0,0,0,0,0,0,0,None,0
Funerary urn of miasma,0,0,0,0,0,0,0,30,0,0,0,0,20,14,0,0,0,0,0,0,0,0,0,0,0,0,0,0,0,0,0,0,0,0,0,0,0,0,0,0,None,0
Model chariot,0,0,0,20,0,12,0,0,0,0,14,18,0,0,0,0,0,0,0,0,0,0,0,0,0,0,0,0,0,0,0,0,0,0,0,0,0,0,0,0,None,0
'The Serpent's Fall' carving,0,0,12,0,0,16,0,0,0,0,0,0,0,24,12,0,0,0,0,0,0,0,0,0,0,0,0,0,0,0,0,0,0,0,0,0,0,0,0,0,None,0
Chaos star,0,0,0,0,0,0,0,0,0,0,0,0,0,0,0,0,28,0,0,36,0,0,0,0,0,0,0,0,0,0,0,0,0,0,0,0,0,0,0,0,None,0
Spiked dog collar,24,0,0,0,0,0,24,0,0,0,0,0,0,0,0,0,16,0,0,0,0,0,0,0,0,0,0,0,0,0,0,0,0,0,0,0,0,0,0,0,None,0
Bronze Dominion medal,0,0,0,0,0,0,0,0,0,0,0,0,0,0,0,0,0,0,0,0,0,0,0,36,26,0,0,0,0,0,0,0,0,0,0,0,0,0,0,0,Bronze bar,1
Silver Dominion medal,0,0,0,12,12,0,0,0,0,0,0,0,0,0,0,0,0,0,0,0,0,0,0,20,18,0,0,0,0,0,0,0,0,0,0,0,0,0,0,0,None,0
Dominion torch,0,0,0,0,0,0,0,0,0,0,0,0,0,0,0,0,0,0,0,0,0,0,0,36,26,0,0,0,0,0,0,0,0,0,0,0,0,0,0,0,Silver bar,1
Ceremonial dragonkin device,0,0,0,0,66,0,0,0,0,0,0,0,0,0,0,0,0,0,0,0,0,0,0,0,0,0,0,0,0,0,0,0,0,0,0,0,0,0,0,0,None,0
Ikovian gerege,36,0,0,0,0,0,0,0,0,0,0,0,0,0,0,0,0,0,0,0,0,0,0,0,0,0,30,0,0,0,0,0,0,0,0,0,0,0,0,0,None,0
Toy glider,0,0,30,0,0,0,0,0,0,0,0,0,0,0,0,0,0,0,0,0,0,0,0,0,0,36,0,0,0,0,0,0,0,0,0,0,0,0,0,0,None,0
Toy war golem,36,0,30,0,0,0,0,0,0,0,0,0,0,0,0,0,0,0,0,0,0,0,0,0,0,0,0,0,0,0,0,0,0,0,0,0,0,0,0,0,Clockwork,1
Decorative vase,0,0,0,0,0,0,0,0,0,0,0,0,0,0,0,0,0,0,0,0,0,36,30,0,0,0,0,0,0,0,0,0,0,0,0,0,0,0,0,0,None,0
Kantharos cup,0,0,0,0,36,0,0,0,0,0,0,0,0,0,0,0,0,0,0,0,0,0,0,30,0,0,0,0,0,0,0,0,0,0,0,0,0,0,0,0,Sapphire,1
Patera bowl,0,0,0,30,0,0,0,0,0,0,0,0,0,0,0,0,0,0,0,0,36,0,0,0,0,0,0,0,0,0,0,0,0,0,0,0,0,0,0,0,Sapphire,1
Ceremonial mace,20,0,0,28,0,0,0,0,0,0,0,20,0,0,0,0,0,0,0,0,0,0,0,0,0,0,0,0,0,0,0,0,0,0,0,0,0,0,0,0,None,0
Pontifex Maximus figurine,0,0,0,28,0,0,0,0,0,0,24,0,16,0,0,0,0,0,0,0,0,0,0,0,0,0,0,0,0,0,0,0,0,0,0,0,0,0,0,0,Dragonstone,1
Consensus ad Idem' painting,0,0,0,0,0,0,0,0,0,0,0,0,0,0,0,0,0,0,0,0,0,0,0,0,0,0,0,0,0,0,0,0,0,0,0,0,0,0,0,0,None,0
Wingsuit v1,0,0,0,0,0,0,0,0,0,0,0,0,0,0,0,0,0,0,0,0,0,0,0,0,0,0,0,0,0,0,0,0,0,0,0,0,0,0,0,0,None,0
Avian song-egg player,0,0,0,0,0,0,0,0,0,0,0,0,0,0,0,0,0,0,0,0,0,0,0,0,0,36,0,32,0,0,0,0,0,0,0,0,0,0,0,0,Diamond,1
Keshik drum,0,0,20,0,0,0,16,0,16,0,0,0,0,0,0,0,0,0,0,0,0,0,0,0,0,0,16,0,0,0,0,0,0,0,0,0,0,0,0,0,None,0
Morin khuur,0,0,32,0,0,0,0,0,0,0,0,0,0,0,0,0,0,0,0,0,0,0,0,0,0,0,0,36,0,0,0,0,0,0,0,0,0,0,0,0,None,0
Ekeleshuun blinder mask,0,0,0,0,0,24,0,0,0,0,0,0,0,0,0,0,0,0,0,0,0,0,0,0,0,0,0,0,0,0,20,0,24,0,0,0,0,0,0,0,None,0
Narogoshuun 'Hob-da-Gob' ball,0,0,0,0,0,0,0,0,0,0,0,0,0,0,0,0,0,0,0,0,0,0,0,0,0,0,0,0,0,0,0,32,36,0,0,0,0,0,0,0,None,0
Rekeshuun war tether,0,0,0,0,0,0,26,0,0,0,0,0,0,0,0,0,0,0,0,0,0,0,0,0,0,0,0,0,0,0,0,0,22,20,0,0,0,0,0,0,None,0
Larupia trophy,0,0,0,0,26,0,0,0,28,0,0,0,0,0,0,18,0,0,0,0,0,0,0,0,0,0,0,0,0,0,0,0,0,0,0,0,0,0,0,0,None,0
Lion trophy,0,0,26,0,0,0,0,0,28,0,0,0,0,0,0,18,0,0,0,0,0,0,0,0,0,0,0,0,0,0,0,0,0,0,0,0,0,0,0,0,None,0
She-wolf trophy,0,0,0,0,0,0,0,0,28,0,0,0,0,0,0,18,26,0,0,0,0,0,0,0,0,0,0,0,0,0,0,0,0,0,0,0,0,0,0,0,None,0
Pontifex censer,20,0,0,32,0,0,0,0,0,0,0,0,20,0,0,0,0,0,0,0,0,0,0,0,0,0,0,0,0,0,0,0,0,0,0,0,0,0,0,0,Dragonstone,1
Pontifex crozier,0,0,0,32,0,0,0,0,0,0,20,20,0,0,0,0,0,0,0,0,0,0,0,0,0,0,0,0,0,0,0,0,0,0,0,0,0,0,0,0,None,0
Pontifex mitre,0,32,0,0,0,0,0,0,0,0,20,0,20,0,0,0,0,0,0,0,0,0,0,0,0,0,0,0,0,0,0,0,0,0,0,0,0,0,0,0,None,0
Aviansie dreamcoat,0,30,0,0,0,0,0,0,22,0,0,0,0,0,0,0,0,0,0,0,0,0,0,0,0,0,0,20,0,0,0,0,0,0,0,0,0,0,0,0,None,0
Ceremonial plume,0,0,0,34,0,0,0,0,0,0,0,0,0,0,0,0,0,0,0,0,0,0,0,0,0,0,0,38,0,0,0,0,0,0,0,0,0,0,0,0,Phoenix feather,1
Peacocking parasol,0,30,20,0,0,0,0,0,0,0,0,0,0,0,0,0,0,0,0,0,0,0,0,0,0,0,0,22,0,0,0,0,0,0,0,0,0,0,0,0,None,0
Ogre Kyzaj axe,0,0,0,0,0,0,0,0,0,24,0,0,0,0,0,0,0,0,0,0,0,0,0,0,0,0,0,0,0,0,0,20,0,28,0,0,0,0,0,0,None,0
Ork cleaver sword,0,0,0,0,0,0,0,0,0,36,0,0,0,0,0,0,0,0,0,0,0,0,0,0,0,0,0,0,0,0,0,0,0,36,0,0,0,0,0,0,None,0
Thorobshuun battle standard,0,20,16,0,0,0,0,0,0,0,0,0,0,0,0,0,0,0,0,0,0,0,0,0,0,0,0,0,0,0,22,16,0,0,0,0,0,0,0,0,None,0
Yurkolgokh stink grenade,0,0,0,0,0,0,0,0,0,0,0,0,0,0,0,0,0,0,0,0,0,0,0,0,0,0,0,0,0,0,0,0,36,0,38,0,0,0,0,0,Weapon poison (3),1
Dominarian device,22,0,0,0,0,0,0,0,0,0,0,0,0,0,0,0,0,0,0,0,22,0,0,30,0,0,0,0,0,0,0,0,0,0,0,0,0,0,0,0,Clockwork,1
Fishing trident,30,0,0,22,0,0,0,0,0,0,0,0,0,0,0,0,0,0,0,0,0,0,0,0,22,0,0,0,0,0,0,0,0,0,0,0,0,0,0,0,None,0
Hawkeye lens multi-vision scope,0,0,0,0,34,0,0,0,0,0,0,0,0,0,0,0,0,0,0,0,0,0,0,0,0,40,0,0,0,0,0,0,0,0,0,0,0,0,0,0,None,0
Talon-3 razor wing,0,0,0,0,0,0,0,0,0,0,0,0,0,0,0,0,0,0,0,0,0,0,0,0,0,0,34,0,40,0,0,0,0,0,0,0,0,0,0,0,Rope,1
Exsanguinate' spell scroll,0,0,0,0,0,40,0,0,0,0,0,0,0,0,36,0,0,0,0,0,0,0,0,0,0,0,0,0,0,0,0,0,0,0,0,0,0,0,0,0,None,0
Necromantic focus,0,0,0,0,0,0,0,0,0,0,0,20,30,0,26,0,0,0,0,0,0,0,0,0,0,0,0,0,0,0,0,0,0,0,0,0,0,0,0,0,None,0
'Torment' metal sculpture,20,0,0,0,0,0,0,0,0,0,0,0,0,0,0,0,0,0,20,38,0,0,0,0,0,0,0,0,0,0,0,0,0,0,0,0,0,0,0,0,None,0
'Pandemonium' tapestry,0,12,12,0,0,12,0,0,0,0,0,0,0,0,0,42,0,0,0,0,0,0,0,0,0,0,0,0,0,0,0,0,0,0,0,0,0,0,0,0,None,0
High priest crozier,0,0,0,28,0,0,0,0,0,0,0,0,0,0,0,0,0,0,0,0,0,0,0,0,0,0,0,0,0,0,24,26,0,0,0,0,0,0,0,0,None,0
High priest mitre,0,28,0,0,0,0,0,0,0,0,0,0,0,0,0,0,0,0,0,0,0,0,0,0,0,0,0,0,0,0,24,26,0,0,0,0,0,0,0,0,None,0
High priest orb,0,0,0,28,0,0,0,0,0,0,0,0,0,0,0,0,0,0,0,0,0,0,0,0,0,0,0,0,0,0,24,26,0,0,0,0,0,0,0,0,None,0
Ceremonial dragonkin tablet,0,0,0,0,79,0,0,0,0,0,0,0,0,0,0,0,0,0,0,0,0,0,0,0,0,0,0,0,0,0,0,0,0,0,0,0,0,0,0,0,None,0
Pasaha,0,0,0,38,0,0,0,0,0,0,0,0,0,0,0,0,0,0,0,0,0,0,0,0,0,0,0,0,0,0,0,0,0,0,0,0,40,0,0,0,None,0
Ritual bell,0,0,0,40,0,0,0,0,0,0,0,0,0,0,0,0,0,0,0,0,0,0,0,0,0,0,0,0,0,0,0,0,0,0,0,38,0,0,0,0,None,0
Prototype gravimeter,26,0,0,0,0,0,20,0,0,0,0,0,0,0,0,0,0,0,0,0,0,0,0,0,0,0,0,0,0,34,0,0,0,0,0,0,0,0,0,0,None,0
Songbird recorder,0,0,0,0,36,0,0,0,0,0,0,0,0,0,0,0,0,0,0,0,0,0,0,0,0,44,0,0,0,0,0,0,0,0,0,0,0,0,0,0,Diamond,1
Amphora,0,0,0,0,0,0,0,0,0,0,0,0,0,0,0,0,0,0,0,0,46,0,0,34,0,0,0,0,0,0,0,0,0,0,0,0,0,0,0,0,None,0
Rod of Asclepius,0,0,0,26,0,0,0,0,0,0,0,0,0,0,0,0,0,0,0,0,0,30,0,0,24,0,0,0,0,0,0,0,0,0,0,0,0,0,0,0,None,0
Zarosian ewer,52,0,0,0,0,0,0,0,0,0,30,0,0,0,0,0,0,0,0,0,0,0,0,0,0,0,0,0,0,0,0,0,0,0,0,0,0,0,0,0,None,0
Zarosian stein,16,0,0,0,0,0,0,0,0,0,30,36,0,0,0,0,0,0,0,0,0,0,0,0,0,0,0,0,0,0,0,0,0,0,0,0,0,0,0,0,None,0
Beastkeeper helm,0,0,0,0,0,0,0,0,20,24,0,0,0,0,0,0,0,0,0,0,0,0,0,0,0,0,0,0,0,0,0,0,24,16,0,0,0,0,0,0,None,0
Idithuun horn ring,0,0,0,0,0,0,0,0,0,0,0,0,0,0,0,0,0,0,0,0,0,0,0,0,0,0,0,0,0,0,0,0,44,0,40,0,0,0,0,0,None,0
'Nosorog!' sculpture,0,0,0,0,0,0,0,0,0,0,0,0,0,0,0,0,0,0,0,0,0,0,0,0,0,0,0,0,0,0,24,0,0,30,30,0,0,0,0,0,None,0
Dayguard shield,0,0,20,0,0,0,0,0,0,0,0,0,0,0,0,0,0,0,0,0,0,0,0,0,0,36,28,0,0,0,0,0,0,0,0,0,0,0,0,0,None,0
Stormguard gerege,0,0,0,20,0,0,0,0,0,0,0,0,0,0,0,0,0,0,0,0,0,0,0,0,0,36,28,0,0,0,0,0,0,0,0,0,0,0,0,0,None,0
Kilaya,0,0,0,0,0,0,0,0,0,0,0,0,0,0,0,0,0,0,0,0,0,0,0,0,0,0,0,0,0,0,0,0,0,0,0,40,0,46,0,0,None,0
Vazara,0,0,0,28,0,0,0,0,0,0,0,0,0,0,0,0,0,0,0,0,0,0,0,0,0,0,0,0,0,0,0,0,0,0,0,28,0,30,0,0,None,0
Ourg megahitter,0,0,20,0,26,0,20,0,0,0,0,0,0,0,0,0,0,0,0,0,0,0,0,0,0,0,0,0,0,0,22,0,0,0,0,0,0,0,0,0,None,0
Ourg tower/goblin cower shield,26,0,20,0,0,0,22,0,0,0,0,0,0,0,0,0,0,0,0,0,0,0,0,0,0,0,0,0,0,0,0,20,0,0,0,0,0,0,0,0,None,0
Garagorshuun anchor,30,0,0,0,0,0,0,0,0,0,0,0,0,0,0,0,0,0,0,0,0,0,0,0,0,0,0,0,0,0,0,26,0,32,0,0,0,0,0,0,None,0
Hellfire haladie,26,0,0,0,0,0,20,0,0,0,0,0,0,0,0,0,0,0,0,44,0,0,0,0,0,0,0,0,0,0,0,0,0,0,0,0,0,0,0,0,None,0
Hellfire katar,0,0,0,0,0,0,40,0,0,0,0,0,0,0,0,0,0,0,0,50,0,0,0,0,0,0,0,0,0,0,0,0,0,0,0,0,0,0,0,0,None,0
Hellfire zaghnal,0,0,26,0,26,0,0,0,0,0,0,0,0,0,0,0,0,0,0,38,0,0,0,0,0,0,0,0,0,0,0,0,0,0,0,0,0,0,0,0,None,0
Golem heart,0,0,0,0,16,0,0,16,0,0,0,0,0,0,0,0,0,0,0,0,0,0,0,0,0,0,0,0,34,24,0,0,0,0,0,0,0,0,0,0,None,0
Golem instruction,0,0,0,0,0,44,0,0,0,0,0,0,0,0,0,0,0,0,0,0,0,0,0,0,0,0,0,0,0,46,0,0,0,0,0,0,0,0,0,0,Black mushroom ink,1
Death mask,0,0,0,0,0,0,0,34,0,0,0,0,0,0,0,0,0,0,0,0,0,0,0,0,0,0,0,0,0,0,0,0,0,0,0,0,0,0,0,56,None,0
Dragonkin calendar,0,0,0,0,0,0,0,0,0,0,0,0,0,0,0,0,0,0,0,0,0,0,0,0,0,0,0,0,0,0,0,0,0,0,0,28,0,0,28,34,None,0
Dragonkin staff,0,0,0,0,0,0,0,0,0,0,0,0,0,0,0,0,0,0,0,0,0,0,0,0,0,0,0,0,0,0,0,0,0,0,0,34,0,0,0,56,None,0
Kopis dagger,0,0,0,0,0,0,42,0,0,0,0,0,0,0,0,0,0,0,0,0,0,0,0,50,0,0,0,0,0,0,0,0,0,0,0,0,0,0,0,0,None,0
Xiphos short sword,0,0,0,0,0,0,46,0,0,0,0,0,0,0,0,0,0,0,0,0,0,0,0,46,0,0,0,0,0,0,0,0,0,0,0,0,0,0,0,0,None,0
'Smoke Cloud' spell scroll,0,0,0,0,0,40,0,0,0,0,0,0,20,0,32,0,0,0,0,0,0,0,0,0,0,0,0,0,0,0,0,0,0,0,0,0,0,0,0,0,None,0
Vigorem vial,0,0,0,0,0,0,0,0,0,0,0,54,38,0,0,0,0,0,0,0,0,0,0,0,0,0,0,0,0,0,0,0,0,0,0,0,0,0,0,0,Molten glass,1
Dorgeshuun spear,0,0,42,0,0,0,0,0,0,0,0,0,0,0,0,0,0,0,0,0,0,0,0,0,0,0,0,0,0,0,0,0,0,50,0,0,0,0,0,0,None,0
Forged in War' sculpture,0,0,0,0,0,0,0,0,0,0,0,0,0,0,0,0,0,0,0,0,0,0,0,0,0,0,0,0,0,0,0,0,0,50,42,0,0,0,0,0,Emerald,1
Dragon scalpel,0,0,0,0,0,0,0,0,0,0,0,0,0,0,0,0,0,0,0,0,0,0,0,0,0,0,0,0,0,0,0,0,0,0,0,0,42,52,0,0,None,0
Protective goggles,0,0,0,0,52,0,0,0,0,0,0,0,0,0,0,0,0,0,0,0,0,0,0,0,0,0,0,0,0,0,0,0,0,0,0,0,42,0,0,0,None,0
Dragon burner,0,0,0,0,0,0,0,0,0,0,0,0,0,0,0,0,0,0,0,0,0,0,0,0,0,0,0,0,0,0,0,0,0,0,0,0,0,52,0,42,None,0
Orthenglass flask,0,0,0,0,60,0,0,0,0,0,0,0,0,0,0,0,0,0,0,0,0,0,0,0,0,0,0,0,0,0,0,0,0,0,0,0,0,34,0,0,None,0
Blackfire lance,0,0,0,0,0,0,0,0,0,0,0,0,0,0,0,0,0,0,0,0,0,0,0,0,0,0,0,0,50,46,0,0,0,0,0,0,0,0,0,0,None,0
Nightguard shield,0,0,30,0,0,0,0,0,0,0,0,0,0,0,0,0,0,0,0,0,0,0,0,0,0,30,36,0,0,0,0,0,0,0,0,0,0,0,0,0,None,0
'Possession' metal sculpture,44,0,0,0,0,0,0,0,0,0,0,0,0,0,0,0,30,0,24,0,0,0,0,0,0,0,0,0,0,0,0,0,0,0,0,0,0,0,0,0,None,0
Trishula,20,0,0,0,0,0,0,0,0,0,0,0,0,0,0,0,0,0,30,48,0,0,0,0,0,0,0,0,0,0,0,0,0,0,0,0,0,0,0,0,None,0
Tsutsaroth piercing,0,0,0,0,0,0,0,0,0,0,0,0,0,0,0,24,30,0,0,44,0,0,0,0,0,0,0,0,0,0,0,0,0,0,0,0,0,0,0,0,None,0
Huzamogaarb chaos crown,34,0,0,0,0,0,0,0,0,0,0,0,0,0,0,0,0,0,20,0,0,0,0,0,0,0,0,0,0,0,0,0,0,44,0,0,0,0,0,0,None,0
Saragorgak star crown,34,0,0,0,0,0,0,0,0,0,0,0,0,0,0,0,0,0,0,0,0,0,0,0,20,0,0,0,0,0,0,0,0,44,0,0,0,0,0,0,None,0
Hallowed Be the Everlight' painting,0,16,16,0,0,16,0,0,0,0,0,0,0,0,0,0,0,0,0,0,0,0,52,0,0,0,0,0,0,0,0,0,0,0,0,0,0,0,0,0,None,0
'The Lord of Light' painting,0,16,16,0,0,16,0,0,0,0,0,0,0,0,0,0,0,0,0,0,0,0,52,0,0,0,0,0,0,0,0,0,0,0,0,0,0,0,0,0,None,0
'The Pride of Padosan' painting,0,16,16,0,0,16,0,0,0,0,0,0,0,0,0,0,0,0,0,0,0,0,52,0,0,0,0,0,0,0,0,0,0,0,0,0,0,0,0,0,None,0
Meditation pipe,0,0,0,0,0,0,0,0,0,0,0,0,0,0,0,0,0,0,0,0,0,0,0,0,0,0,0,0,0,0,0,0,0,0,0,0,0,40,0,60,None,0
Personal totem,0,0,0,0,0,0,0,0,0,0,0,0,0,0,0,0,0,0,0,0,0,0,0,0,0,0,0,0,0,0,0,0,0,0,0,0,0,40,0,60,None,0
Singing bowl,0,0,0,0,0,0,0,0,0,0,0,0,0,0,0,0,0,0,0,0,0,0,0,0,0,0,0,0,0,0,0,0,0,0,0,26,0,0,26,48,None,0
Ancient magic tablet,0,0,0,0,0,0,0,0,0,0,0,0,40,0,64,0,0,0,0,0,0,0,0,0,0,0,0,0,0,0,0,0,0,0,0,0,0,0,0,0,None,0
'Animate Dead' spell scroll,0,0,0,0,0,40,0,0,0,0,0,0,24,0,40,0,0,0,0,0,0,0,0,0,0,0,0,0,0,0,0,0,0,0,0,0,0,0,0,0,None,0
Portable phylactery,0,0,0,0,0,0,0,0,0,0,0,48,20,0,36,0,0,0,0,0,0,0,0,0,0,0,0,0,0,0,0,0,0,0,0,0,0,0,0,0,None,0
Lingam stone,0,0,0,0,0,0,0,0,0,0,0,0,0,0,0,0,0,0,0,0,0,0,0,0,0,0,0,0,0,0,0,0,0,0,0,32,0,0,30,44,None,0
Master control,0,0,0,0,0,0,0,0,0,0,0,0,0,0,0,0,0,0,0,0,0,0,0,0,0,0,0,0,0,0,0,0,0,0,0,44,0,0,32,30,None,0
'The Enlightened Soul' scroll,0,0,0,0,0,60,0,0,0,0,0,0,0,0,0,0,0,0,0,0,0,0,0,0,50,0,0,0,0,0,0,0,0,0,0,0,0,0,0,0,None,0
'The Eudoxian Elements' tablet,0,0,0,50,0,0,0,0,0,0,0,0,0,0,0,0,0,0,0,0,0,60,0,0,0,0,0,0,0,0,0,0,0,0,0,0,0,0,0,0,None,0
Chaos Elemental trophy,0,0,30,0,0,0,0,0,0,0,0,0,0,0,0,0,52,0,0,30,0,0,0,0,0,0,0,0,0,0,0,0,0,0,0,0,0,0,0,0,None,0
Virius trophy,0,0,34,0,34,0,0,0,0,0,0,0,0,0,0,0,0,44,0,0,0,0,0,0,0,0,0,0,0,0,0,0,0,0,0,0,0,0,0,0,None,0
Drogokishuun hook sword,0,0,0,0,0,0,0,0,0,32,0,0,0,0,0,0,0,0,0,0,0,0,0,0,0,0,0,0,0,0,36,0,0,44,0,0,0,0,0,0,None,0
Hobgoblin mansticker,0,0,0,0,0,0,0,0,0,46,0,0,0,0,0,0,0,0,0,0,0,0,0,0,0,0,0,0,0,0,0,0,0,66,0,0,0,0,0,0,None,0
Flat cap,0,54,0,0,0,0,0,0,0,0,0,0,0,0,0,0,0,0,0,0,0,0,0,0,0,0,0,60,0,0,0,0,0,0,0,0,0,0,0,0,None,0
Night owl flight goggles,0,0,0,0,30,0,40,0,0,0,0,0,0,0,0,0,0,0,0,0,0,0,0,0,0,0,0,44,0,0,0,0,0,0,0,0,0,0,0,0,None,0
Prototype godbow,0,0,0,0,0,0,0,0,0,0,0,0,0,0,0,0,0,0,0,0,0,0,0,0,0,0,34,0,50,34,0,0,0,0,0,0,0,0,0,0,None,0
Prototype godstaff,0,0,0,0,0,0,0,0,0,0,0,0,0,0,0,0,0,0,0,0,0,0,0,0,0,0,34,0,50,34,0,0,0,0,0,0,0,0,0,0,None,0
Prototype godsword,0,0,0,34,0,0,0,0,0,0,0,0,0,0,0,0,0,0,0,0,0,0,0,0,0,0,34,0,50,0,0,0,0,0,0,0,0,0,0,0,None,0
Xolo hard hat,0,0,0,54,0,0,0,0,0,0,0,0,0,0,0,0,0,0,0,0,0,0,0,0,0,0,0,0,0,0,0,0,0,0,0,0,0,66,0,0,None,0
Xolo pickaxe,0,0,0,36,0,0,0,0,0,0,0,0,0,0,0,0,0,0,0,0,0,0,0,0,0,0,0,0,0,0,0,0,0,0,0,0,0,50,0,34,None,0
Praetorian hood,0,48,0,0,0,0,0,0,0,0,40,0,36,0,0,0,0,0,0,0,0,0,0,0,0,0,0,0,0,0,0,0,0,0,0,0,0,0,0,0,Death rune,30
Praetorian robes,0,54,0,0,0,0,0,0,0,0,40,0,30,0,0,0,0,0,0,0,0,0,0,0,0,0,0,0,0,0,0,0,0,0,0,0,0,0,0,0,Death rune,50
Praetorian staff,0,0,0,0,0,0,0,0,0,0,30,36,58,0,0,0,0,0,0,0,0,0,0,0,0,0,0,0,0,0,0,0,0,0,0,0,0,0,0,0,Death rune,100
Kal-i-kra chieftain crown,0,0,0,0,0,0,0,0,60,0,0,0,0,0,0,0,0,0,0,0,0,0,0,0,0,0,0,0,0,0,0,0,0,0,66,0,0,0,0,0,None,0
Kal-i-kra mace,44,0,0,0,0,0,0,0,0,40,0,0,0,0,0,0,0,0,0,0,0,0,0,0,0,0,0,0,0,0,0,0,42,0,0,0,0,0,0,0,None,0
Kal-i-kra warhorn,0,0,0,0,0,0,0,0,40,42,0,0,0,0,0,0,0,0,0,0,0,0,0,0,0,0,0,0,0,0,0,0,44,0,0,0,0,0,0,0,None,0
Spear of Annihilation with shaft,500,0,500,300,0,0,0,0,0,0,0,0,0,0,0,0,0,0,0,0,0,0,0,0,0,0,0,0,0,0,0,0,0,0,0,0,0,0,0,0,None,0
Spear of Annihilation with shaft + spokes,0,0,0,0,0,0,0,0,0,0,0,0,0,0,0,0,0,0,0,0,0,0,0,0,0,0,0,0,500,0,0,0,0,500,0,0,0,0,0,0,Chaotic spike,5
Spear of Annihilation,0,0,0,500,0,0,0,0,0,0,0,0,0,0,0,0,0,0,0,0,0,0,0,0,0,0,0,0,0,0,500,0,500,0,0,0,0,0,0,0,None,0
Tsutsaroth helm,0,0,0,40,0,0,0,0,0,0,0,0,0,0,0,0,0,0,40,50,0,0,0,0,0,0,0,0,0,0,0,0,0,0,0,0,0,0,0,0,None,0
Tsutsaroth pauldron,0,0,0,50,0,0,0,0,0,0,0,0,0,0,0,0,0,0,40,40,0,0,0,0,0,0,0,0,0,0,0,0,0,0,0,0,0,0,0,0,None,0
Tsutsaroth urumi,40,0,0,0,0,0,0,0,0,0,0,0,0,0,0,0,0,0,40,50,0,0,0,0,0,0,0,0,0,0,0,0,0,0,0,0,0,0,0,0,None,0
Doru spear,0,0,62,0,0,0,0,0,0,0,0,0,0,0,0,0,0,0,0,0,0,0,0,70,0,0,0,0,0,0,0,0,0,0,0,0,0,0,0,0,None,0
Kontos lance,0,62,0,0,0,0,0,0,0,0,0,0,0,0,0,0,0,0,0,0,0,0,0,70,0,0,0,0,0,0,0,0,0,0,0,0,0,0,0,0,None,0
Ancient globe,0,0,20,0,0,0,0,0,0,0,0,0,60,54,0,0,0,0,0,0,0,0,0,0,0,0,0,0,0,0,0,0,0,0,0,0,0,0,0,0,None,0
Battle plans,0,0,0,0,0,40,0,0,0,0,0,0,34,60,0,0,0,0,0,0,0,0,0,0,0,0,0,0,0,0,0,0,0,0,0,0,0,0,0,0,None,0
Prima Legio' painting,0,20,20,0,0,0,0,0,0,0,20,0,0,74,0,0,0,0,0,0,0,0,0,0,0,0,0,0,0,0,0,0,0,0,0,0,0,0,0,0,None,0
Chuluu stone,0,0,0,24,0,0,0,40,0,0,0,0,0,0,0,0,0,0,0,0,0,0,0,0,0,0,0,0,40,30,0,0,0,0,0,0,0,0,0,0,None,0
Quintessence counter,0,0,40,0,0,0,0,0,0,0,0,0,0,0,0,0,0,0,0,0,0,0,0,0,0,40,0,0,0,54,0,0,0,0,0,0,0,0,0,0,None,0
Spherical astrolabe,0,0,0,0,48,0,0,0,0,0,0,0,0,0,0,0,0,0,0,0,0,0,0,0,0,0,0,40,46,0,0,0,0,0,0,0,0,0,0,0,None,0
Xolo shield,0,0,0,52,0,0,0,0,0,0,0,0,0,0,0,0,0,0,0,0,0,0,0,0,0,0,0,0,0,0,0,0,0,0,0,0,42,0,0,44,None,0
Xolo spear,0,0,0,0,0,0,0,0,0,0,0,0,0,0,0,0,0,0,0,0,0,0,0,0,0,0,0,0,0,0,0,0,0,0,0,0,0,74,0,64,None,0
Da Boss Man' sculpture,0,0,0,0,0,0,0,40,0,0,0,0,0,0,0,0,0,0,0,0,0,0,0,0,0,0,0,0,0,0,38,0,0,0,60,0,0,0,0,0,None,0
Horogothgar cooking pot,0,0,0,0,0,0,0,44,0,0,0,0,0,0,0,0,0,0,0,0,0,0,0,0,0,0,0,0,0,0,44,0,0,0,50,0,0,0,0,0,None,0
Gold dish,0,0,0,86,0,0,0,0,0,0,0,0,0,0,0,0,0,0,0,0,0,0,0,0,0,0,0,0,0,0,0,0,0,0,0,0,0,54,0,0,None,0
Raksha' idol,0,0,0,40,0,0,0,0,0,0,0,0,0,0,0,0,0,0,0,0,0,0,0,0,0,0,0,0,0,0,0,0,0,0,0,0,0,44,0,56,None,0
