Zarosian I,"Soran, Emissary of Zaros","2,108",Seal of the Praefectus Praetorio,20 Kharid-et pylon batteries
Museum - Zarosian I,Velucia,"2,635",,
Zamorakian I,Isaura,"2,594",Abyssal thread,
Museum - Zamorakian I,Velucia,"3,242",,
Saradominist I,Sir Atcha,"3,998",Lock of hair,
Museum - Saradominist I,Velucia,"4,997",,
Museum - Zarosian V,Velucia,"4,117",,
Finery of the Inquisition,Eblis,"1,686",A random tier 2 trove,
Museum - Zarosian VI,Velucia,"4,207",,
Entertaining the Masses,Eblis,"2,302",A random tier 2 trove,
Religious Iconography,Eblis,"2,240",A random tier 2 trove,
Urns of the Empire,Eblis,"2,820",,Tetracompass piece
Museum - Zarosian VII,Velucia,"4,357",,
Blingy Fings,Chief Tess,"2,484",,20 Robust glass
Saradominist II,Sir Atcha,"5,202",,Tetracompass piece
Museum - Saradominist II,Velucia,"6,502",,
Smoky Fings,Chief Tess,"2,204",Oo'glog Wellspring,40 Robust glass
Zamorakian II,Isaura,"5,146",,Tetracompass piece
Armadylean I,Lowse,"5,688",King Oberon's moonshroom spores,50 Torn blueprint fragments (Howl's workshop)
Zarosian II,"Soran, Emissary of Zaros","5,732",,50 Kharid-et pylon batteries
Museum - Armadylean I,Velucia,"7,110",,
Museum - Zamorakian II,Velucia,"6,432",,
Museum - Zarosian II,Velucia,"7,165",,
Green Gobbo Goodies I,General Wartface,"3,252",,Tetracompass piece
Anarchic Abstraction,Art Critic Jacques,"1,574",Replica Zamorakian art,
Hitty Fings,Chief Tess,"5,136",,40 Robust glass
Museum - Bandosian I,Velucia,"8,445",,
Desperate for Artefacts,Giles,"1,335",Cosmic pyramid,Can only be completed once
Wise Am the Music Man,Wise Old Man,"4,024",Koschei's needle,
Showy Fings,Chief Tess,"3,158",,40 Robust glass
Red Rum Relics I,General Bentnoze,"2,884",,Tetracompass piece
Green Gobbo Goodies II,General Wartface,"3,758",,Tetracompass piece
Armadylean II,Lowse,"6,068",,75 Torn blueprint fragments (Howl's workshop)
Museum - Armadylean II,Velucia,"7,585",,
Dragonkin I,Sharrigan,"5,524",,6 Anachronia resource packs
Museum - Dragonkin I,Velucia,"6,905",,
Saradominist III,Sir Atcha,"4,548",,Tetracompass piece
Museum - Bandosian II,Velucia,"8,057",,
Museum - Saradominist III,Velucia,"5,685",,
Dragonkin II,Sharrigan,"3,444",,75 Rex skeleton fragments
Museum - Dragonkin II,Velucia,"4,305",,
Zamorakian III,Isaura,"6,608",,Tetracompass piece
Museum - Zamorakian III,Velucia,"8,260",,
Radiant Renaissance,Art Critic Jacques,"2,730",Replica Saradominist art,
Imperial Sorcery,Eblis,"5,742",A random tier 2 trove,
Zarosian III,"Soran, Emissary of Zaros","7,442",,100 Kharid-et pylon batteries
Museum - Zarosian III,Velucia,"9,302",,
Dragonkin III,Sharrigan,"4,652",Kaladanda,
Museum - Dragonkin III,Velucia,"5,815",,
Red Rum Relics II,General Bentnoze,"3,468",,Tetracompass piece
Hat Problem,Wise Old Man,"6,775",,
Zamorakian IV,Isaura,"5,434",Ariadne's Diadem,Tetracompass piece
Museum - Zamorakian IV,Velucia,"6,792",,
Hat Hoarder,Wise Old Man,"5,995",,
Saradominist IV,Sir Atcha,"7,022",Petasos,Tetracompass piece
Museum - Saradominist IV,Velucia,"8,777",,
Imperial Impressionism,Art Critic Jacques,"2,086",Replica Zarosian art,
Armadylean III,Lowse,"10,468",Howl's Thinking Cap,150 Torn blueprint fragments (Howl's workshop)
Zarosian IV,"Soran, Emissary of Zaros","6,810",Inquisitor staff piece,100 Kharid-et pylon batteries
Museum - Armadylean III,Velucia,"13,085",,
Museum - Zarosian IV,Velucia,"8,512",,
Magic Man,Wise Old Man,"8,600",,
Red Rum Relics III,General Bentnoze,"4,540",Helm of Terror (inside),Tetracompass piece
Green Gobbo Goodies III,General Wartface,"6,044",Helm of Terror (outside),Tetracompass piece
Museum - Bandosian III,Velucia,"11,925",,
Knowledge is Power,Wise Old Man,"5,584",Amascut's Enchanted Gem,
Dragonkin IV,Sharrigan,"6,980",,150 rex skeleton fragments
Museum - Dragonkin IV,Velucia,"8,725",,
